year,month,consumption
2012,4,62.375
2012,5,58.35
2012,6,48.85
2012,7,51.300000000000004
2012,8,50.925000000000004
2012,9,46.800000000000004
2012,10,63.1
2012,11,76.8
2012,12,182.6
2013,1,220.75
2013,2,137.1
2013,3,124.22500000000001
2013,4,78.97500000000001
2013,5,67.075
2013,6,54.925000000000004
2013,7,54.150000000000006
2013,8,33.2
2013,9,44.825
2013,10,94.60000000000001
2013,11,134.15
2013,12,220.92499999999998
2014,1,181.625
2014,2,226.92499999999998
2014,3,151.375
2014,4,3.25
