year,month,consumption
2012,4,11127.89999999969
2012,5,12323.960999999646
2012,6,10696.409999999709
2012,7,20591.70299999987
2012,8,27549.5
2012,9,22262.5
2012,10,24681
2012,11,23119.5
2012,12,23719.5
2013,1,25243
2013,2,24494
2013,3,28732.5
2013,4,25159.5
2013,5,26111
2013,6,24845
2013,7,35587
2013,8,19439.5
2013,9,21694
2013,10,23367.5
2013,11,22414.5
2013,12,20375.5
2014,1,24571
2014,2,23246
2014,3,26749
2014,4,781
